{"bounds":{"east":107.86784648895264,"north":34.1420316696167,"south":33.83535861968994,"west":107.33191967010498},"contentType":"quantizedmesh","latLonBounds":{"east":107.86784648895264,"north":34.1420316696167,"south":33.83535861968994,"west":107.33191967010498},"maxzoom":15,"minzoom":0,"proj":4326,"tiletrans":"tms","type":"terrain","ziped":false}